rowId,system.updated,id,active,title,first_name,last_name,street_number,street_name,city,state,country,postcode,email,phone,cell,dob
c8390800-bd44-11ed-9cd6-11b30a307472,1678234481130,nino.rodriguez@example.com,true,Monsieur,Nino,Rodriguez,5908,Rue de L'Abbé-De-L'Épée,Châtonnaye,Fribourg,CH,4633,nino.rodriguez@example.com,078 103 21 04,077 082 05 26,1996-09-12T09:36:41.841Z
c838b9e0-bd44-11ed-b788-da9ff31badd8,1678234483018,joseph.nordmark@example.com,true,Mr,Joseph,Nordmark,3197,Vårsvingen,Hauge,Hedmark,NO,5918,joseph.nordmark@example.com,20970939,46547164,1994-01-31T02:06:53.306Z
c837f690-bd44-11ed-a9a0-70e7859f741b,1678234480421,thea.clarke@example.com,true,Mrs,Thea,Clarke,2510,Coronation Avenue,Rotorua,West Coast,NZ,67163,thea.clarke@example.com,(803)-620-9529,(720)-100-0808,1952-12-23T07:47:52.970Z
c837a870-bd44-11ed-bdcf-1bb17a7356de,1678234482209,selma.larsen@example.com,true,Miss,Selma,Larsen,5978,Banevænget,Sommersted,Sjælland,DK,69107,selma.larsen@example.com,41893633,66478135,1954-10-07T02:08:16.572Z
c8373340-bd44-11ed-9c95-3016364e10b0,1678234479846,eva.gibson@example.com,true,Ms,Eva,Gibson,292,Grafton Street,Westport,Westmeath,IE,25024,eva.gibson@example.com,051-870-4406,081-491-2714,1972-09-02T05:16:08.651Z
c8369700-bd44-11ed-8654-b9e0bfc4dfc9,1678234481657,hunter.ma@example.com,true,Mr,Hunter,Ma,8419,St. Lawrence Ave,Trenton,Newfoundland and Labrador,CA,Q7V 0F2,hunter.ma@example.com,C59 I39-9441,S76 I39-8575,1989-04-05T05:31:30.045Z
c83621d0-bd44-11ed-bcf4-b0c0117af82c,1678234479319,katarzyna.meyer@example.com,true,Madame,Katarzyna,Meyer,9120,Rue de L'Abbé-Gillet,Schübelbach,Basel-Stadt,CH,1519,katarzyna.meyer@example.com,076 348 98 00,078 428 69 64,1951-01-06T20:08:27.609Z
c835d3b0-bd44-11ed-80ac-1718458ddec5,1678234478487,alba.garrido@example.com,true,Mrs,Alba,Garrido,2478,Calle del Arenal,Las Palmas de Gran Canaria,Andalucía,ES,15465,alba.garrido@example.com,973-093-421,630-851-127,2000-11-05T21:22:37.049Z
c8353770-bd44-11ed-9e83-42a1214123de,1678234471519,edgar.elliott@example.com,true,Mr,Edgar,Elliott,9488,Park Road,Truro,West Midlands,GB,E2F 3YR,edgar.elliott@example.com,016973 43546,07016 122916,1972-01-20T16:42:21.600Z
c834c240-bd44-11ed-995b-56b3194f3fb5,1678234477947,jonas.petersen@example.com,true,Mr,Jonas,Petersen,5908,Stenager,Hornbæk,Sjælland,DK,45515,jonas.petersen@example.com,75947224,76356108,1976-09-15T09:00:44.466Z
c8342600-bd44-11ed-bdf1-f4769cede211,1678234470718,simona.drageset@example.com,true,Miss,Simona,Drageset,9894,Kongsvingergata,Prestfoss,Sogn og Fjordane,NO,1529,simona.drageset@example.com,51545423,46569553,1957-01-23T11:28:13.315Z
c83389c0-bd44-11ed-8dbb-8c781abadb3f,1678234477233,miguel.alonso@example.com,true,Mr,Miguel,Alonso,3467,Avenida de Salamanca,Albacete,Andalucía,ES,53604,miguel.alonso@example.com,938-746-209,689-561-659,1959-09-05T00:31:24.725Z
c8331490-bd44-11ed-b731-3a0c268f786c,1678234469938,stephanie.ellis@example.com,true,Mrs,Stephanie,Ellis,5134,Park Lane,Nottingham,Cambridgeshire,GB,PC96 8DG,stephanie.ellis@example.com,016973 67743,07123 071384,1977-12-27T19:54:33.219Z
c8325140-bd44-11ed-8777-334af82312b0,1678234476631,elke.renaud@example.com,true,Mademoiselle,Elke,Renaud,2269,Esplanade du 9 Novembre 1989,Sarnen,Schaffhausen,CH,9665,elke.renaud@example.com,075 055 50 48,077 613 62 28,1997-11-13T16:04:28.820Z
c8320320-bd44-11ed-8a77-f4aff8c25016,1678234468196,kubra.kocabiyik@example.com,true,Mrs,Kübra,Kocabıyık,8763,Talak Göktepe Cd,Kars,Muş,TR,18236,kubra.kocabiyik@example.com,(494)-603-1951,(542)-142-7126,1961-02-05T07:51:10.831Z
c830caa0-bd44-11ed-9c36-44a111c06304,1678234475733,liban.kamphuis@example.com,true,Mr,Liban,Kamphuis,7276,Dr van Wamelstraat,Kethel,Friesland,NL,9933 AA,liban.kamphuis@example.com,(0428) 688937,(06) 26183875,1976-07-08T18:25:07.271Z
c83118c0-bd44-11ed-a64c-f996c11fd9d0,1678234467503,ftmhzhr.mwswy@example.com,true,Ms,فاطمه زهرا,موسوی,1922,شهید کبیری طامه,ساری,همدان,IR,41657,ftmhzhr.mwswy@example.com,004-48648257,0996-313-1310,1989-04-01T06:32:23.893Z
c8300750-bd44-11ed-b7d4-8c0af0725979,1678234466867,namitha.babu@example.com,true,Mrs,Namitha,Babu,5422,Mirza Ghalib St,Tirupati,Gujarat,IN,19660,namitha.babu@example.com,9413356165,8163970218,1964-07-26T20:11:59.360Z
c82fb930-bd44-11ed-aab9-089a1c28e391,1678234475099,francyelle.ferreira@example.com,true,Ms,Francyelle,Ferreira,4476,Rua Vinte de Setembro,Suzano,Distrito Federal,BR,48781,francyelle.ferreira@example.com,(20) 0093-1719,(87) 0840-1691,1994-11-08T05:14:20.205Z
c82f1cf0-bd44-11ed-9c55-5864530a501f,1678234466030,frederik.johansen@example.com,true,Mr,Frederik,Johansen,6516,Oddervej,Agerbæk,Midtjylland,DK,19185,frederik.johansen@example.com,81071943,21977282,1952-11-01T00:20:43.734Z
c82eced0-bd44-11ed-85cf-3fb33865258d,1678234474537,hilla.aro@example.com,true,Miss,Hilla,Aro,3255,Hämeenkatu,Taipalsaari,Central Finland,FI,29399,hilla.aro@example.com,08-391-184,042-959-89-13,1950-10-21T14:30:05.161Z
c82e3290-bd44-11ed-9b58-c636b131d34e,1678234465240,xavier.guerrero@example.com,true,Mr,Xavier,Guerrero,7488,Calle del Arenal,Vigo,Aragón,ES,23577,xavier.guerrero@example.com,952-753-380,643-012-133,1947-12-23T08:55:54.440Z
c82de470-bd44-11ed-8340-193b769be1aa,1678234473736,keerthi.thampy@example.com,true,Mrs,Keerthi,Thampy,4479,Commercial St,Tadipatri,Tripura,IN,13070,keerthi.thampy@example.com,8331592139,8651050661,1993-03-17T19:36:10.074Z
c82d4830-bd44-11ed-822d-1717a64f0961,1678234464499,andressa.dias@example.com,true,Ms,Andressa,Dias,7944,Rua São Pedro ,Itaquaquecetuba,Pernambuco,BR,99498,andressa.dias@example.com,(59) 4270-8209,(86) 7342-8267,1962-02-22T06:32:03.651Z
c82cd300-bd44-11ed-8537-30c1985f04f2,1678234472989,malte.wold@example.com,true,Mr,Malte,Wold,7464,Brattlistubben,Sem,Hordaland,NO,3261,malte.wold@example.com,29753505,99934460,1995-10-25T22:50:47.963Z
c82c0fb0-bd44-11ed-9b89-8b07df4a04ae,1678234463643,juana.soto@example.com,true,Mrs,Juana,Soto,4365,Calle Nebrija,Santander,Comunidad de Madrid,ES,46614,juana.soto@example.com,999-993-946,699-437-175,1974-05-15T23:48:58.475Z
c82bc190-bd44-11ed-ab54-bf2d22720cf6,1678234472218,mason.ma@example.com,true,Mr,Mason,Ma,1076,St. Catherine St,Wellington,Ontario,CA,P6Y 0J7,mason.ma@example.com,F71 M97-6702,O84 W35-8768,1979-04-19T08:39:01.434Z
c82b2550-bd44-11ed-8de1-4e74560bd645,1678234462881,perica.ivanisevic@example.com,true,Mrs,Perica,Ivanišević,1201,Trinaestog Septembra,Bač,South Bačka,RS,51556,perica.ivanisevic@example.com,019-0384-026,060-9237-857,1953-07-30T11:27:17.923Z
c82ad730-bd44-11ed-9cc4-23e2ee092f4b,1678234456527,onal.kececi@example.com,true,Mr,Önal,Keçeci,7704,Necatibey Cd,Hatay,Hatay,TR,49883,onal.kececi@example.com,(387)-754-1386,(766)-317-4593,1969-12-12T05:14:07.485Z
c82a3af0-bd44-11ed-b82d-39cac66468d2,1678234462131,jessica.peters@example.com,true,Mrs,Jessica,Peters,8638,New Street,Lisburn,Worcestershire,GB,GL3 1XF,jessica.peters@example.com,0117800 364 0989,07569 967967,1980-05-31T01:00:21.109Z
c829ecd0-bd44-11ed-a242-56cea4466e5d,1678234455762,vaani.saha@example.com,true,Ms,Vaani,Saha,9827,Coaker's Walk,Gopalpur,Puducherry,IN,91530,vaani.saha@example.com,9508609392,9947591286,1997-07-14T20:33:29.777Z
c8295090-bd44-11ed-b8b3-16f4a889818f,1678234461571,luis.iglesias@example.com,true,Mr,Luis,Iglesias,8203,Calle de Alcalá,Albacete,Canarias,ES,89163,luis.iglesias@example.com,931-702-846,660-548-666,1976-06-04T03:05:22.492Z
c8290270-bd44-11ed-8403-cab2c49b037d,1678234455006,agafiya.bevzenko@example.com,true,Miss,Agafiya,Bevzenko,262,Dnistrovskiy provulok,Kostyantinivka,Avtonomna Respublika Krim,UA,62140,agafiya.bevzenko@example.com,(096) G61-7056,(066) G42-7253,1945-06-14T03:10:29.292Z
c8283f20-bd44-11ed-bebd-9c5dac50dedf,1678234460787,adelheid.grund@example.com,true,Ms,Adelheid,Grund,7117,Dorfstraße,Aken (Elbe),Bayern,DE,44225,adelheid.grund@example.com,0313-9022809,0176-6064434,1954-09-08T07:06:14.985Z
c827c9f0-bd44-11ed-bb84-2062f4e3a2a8,1678234454253,loris.lucas@example.com,true,Monsieur,Loris,Lucas,6990,Place du 8 Février 1962,Seelisberg,Fribourg,CH,9067,loris.lucas@example.com,078 261 61 27,076 956 47 65,2000-04-20T07:25:43.599Z
c8272db0-bd44-11ed-9ffd-c9bd4f7b7cd9,1678234460038,ayse.beserler@example.com,true,Miss,Ayşe,Beşerler,1786,Kushimoto Sk,Karabük,Hatay,TR,81343,ayse.beserler@example.com,(805)-580-4593,(234)-872-3385,1972-12-16T01:26:29.032Z
c826df90-bd44-11ed-8ef7-126d119cc23a,1678234453655,gul.akan@example.com,true,Ms,Gül,Akan,8465,Vatan Cd,Adıyaman,Muş,TR,33668,gul.akan@example.com,(718)-182-0576,(257)-055-6671,1970-05-29T05:43:58.722Z
c8266a60-bd44-11ed-9b42-eb7c06d435d1,1678234459462,kaya.kocoglu@example.com,true,Mr,Kaya,Koçoğlu,3038,Tunalı Hilmi Cd,Denizli,Şırnak,TR,85972,kaya.kocoglu@example.com,(514)-097-2938,(574)-886-1590,1990-08-22T08:21:50.782Z
c825f530-bd44-11ed-beff-29afd56fe41f,1678234451654,gueir.aragao@example.com,true,Mr,Gueir,Aragão,2042,Rua São Luiz ,Diadema,Amazonas,BR,15279,gueir.aragao@example.com,(40) 1204-0910,(14) 4777-1297,1950-03-03T17:07:29.211Z
c825a710-bd44-11ed-ae30-7298158850ae,1678234458724,ethan.johnson@example.com,true,Mr,Ethan,Johnson,3078,Tecumseh Rd,Sidney,Nunavut,CA,C9S 5C3,ethan.johnson@example.com,R82 T85-7205,D67 D33-8250,1985-03-15T00:09:27.024Z
c8250ad0-bd44-11ed-aed9-1042992f3373,1678234450806,jayden.barnaby@example.com,true,Mr,Jayden,Barnaby,8305,Dieppe Ave,Beaumont,Nova Scotia,CA,G6L 3H9,jayden.barnaby@example.com,K66 N72-7531,W71 S02-1528,1973-10-11T00:49:29.678Z
c824e3c0-bd44-11ed-a5b2-a4f03ca9ce20,1678234458151,jean-paul.blanc@example.com,true,Monsieur,Jean-Paul,Blanc,2154,Avenue de la République,Hallau,Valais,CH,7479,jean-paul.blanc@example.com,079 672 52 40,075 098 63 81,1991-12-30T08:51:56.804Z
c8244780-bd44-11ed-93ec-6796e9b00da9,1678234450209,cetin.dizdar@example.com,true,Mr,Çetin,Dizdar,651,Bağdat Cd,Uşak,Kırşehir,TR,22566,cetin.dizdar@example.com,(832)-405-8081,(388)-327-8057,1950-04-17T22:47:54.853Z
c823f960-bd44-11ed-bfbf-8c1245623164,1678234457253,anand.hiremath@example.com,true,Mr,Anand,Hiremath,610,Pali Hill,Shahjahanpur,Rajasthan,IN,33935,anand.hiremath@example.com,9310563257,7419798087,1958-10-21T10:47:22.284Z
c82224a0-bd44-11ed-ab0c-6145e371113d,1678234449433,ersin.vandenmuijsenberg@example.com,true,Mr,Ersin,Van den Muijsenberg,3645,Dr. H.B. Wiardi Beckmanplein,De Wolden,Gelderland,NL,5820 VL,ersin.vandenmuijsenberg@example.com,(001) 4204044,(06) 15939027,1978-12-13T03:03:50.824Z
c82299d0-bd44-11ed-9559-896ebd80860f,1678234448867,maria.nielsen@example.com,true,Miss,Maria,Nielsen,14,Kløvervænget,"Ulsted, Hals",Sjælland,DK,64140,maria.nielsen@example.com,84124942,37939914,1970-04-04T22:19:58.563Z
c821af70-bd44-11ed-b54e-21e53afa607c,1678234448130,iepistimiya.lonchina@example.com,true,Miss,Iepistimiya,Lonchina,230,Bobrinecka,Amvrosiyivka,Zhitomirska,UA,19951,iepistimiya.lonchina@example.com,(066) K21-2972,(099) S92-3304,1957-05-11T21:10:31.832Z
c8213a40-bd44-11ed-b597-aed48d4dd25b,1678234447597,deanna.marshall@example.com,true,Ms,Deanna,Marshall,1243,Forest Ln,Shelby,Virginia,US,26481,deanna.marshall@example.com,(578) 823-6649,(930) 476-6932,1982-01-10T13:10:35.727Z
c8209e00-bd44-11ed-a893-c423da541327,1678234447077,sr.sltnynjd@example.com,true,Ms,سارا,سلطانی نژاد,8886,پارک ولیعصر,ارومیه,قزوین,IR,85497,sr.sltnynjd@example.com,040-04248511,0971-585-6008,1961-09-02T19:40:56.145Z
c82028d0-bd44-11ed-91c4-7694feec22b4,1678234444994,jennifer.resch@example.com,true,Miss,Jennifer,Resch,338,Mühlweg,Ulm,Bremen,DE,94161,jennifer.resch@example.com,0754-7874183,0175-5118126,1998-09-08T23:43:38.037Z
c81f8c90-bd44-11ed-bc48-07969057baf8,1678234446291,meral.adan@example.com,true,Miss,Meral,Adan,8388,Talak Göktepe Cd,Giresun,Kilis,TR,39683,meral.adan@example.com,(096)-646-6952,(471)-254-7017,2000-11-17T11:54:49.247Z
c81f3e70-bd44-11ed-9dd2-8c480d020688,1678234444191,mathilde.andersen@example.com,true,Miss,Mathilde,Andersen,8537,Lærkevej,Sommersted,Midtjylland,DK,36539,mathilde.andersen@example.com,28116741,77189551,1989-04-19T01:18:59.364Z
c81e7b20-bd44-11ed-bbb3-f5391827ba10,1678234443618,ulku.kilicci@example.com,true,Ms,Ülkü,Kılıççı,2478,Tunalı Hilmi Cd,Bingöl,Çankırı,TR,12583,ulku.kilicci@example.com,(881)-905-8264,(642)-990-2868,1990-05-25T15:18:44.005Z
c81e05f0-bd44-11ed-8146-bd232399fcd3,1678234445572,jimmy.andre@example.com,true,Monsieur,Jimmy,Andre,719,Place de la Mairie,Châtillon (Fr),Nidwalden,CH,7721,jimmy.andre@example.com,078 612 70 80,077 553 68 04,1961-11-30T08:49:49.758Z
c81d90c0-bd44-11ed-b029-3fb64088e23e,1678234442261,sila.geleijns@example.com,true,Ms,Sıla,Geleijns,4907,De Jongsingel,Rijkevoort-De Walsert,Groningen,NL,9172 RK,sila.geleijns@example.com,(002) 5477434,(06) 02733848,1981-01-24T13:25:43.313Z
c81d1b90-bd44-11ed-8f17-da2bd883f1fb,1678234441671,salvador.ramos@example.com,true,Mr,Salvador,Ramos,6780,Calle de Ferraz,Santiago de Compostela,Cataluña,ES,10917,salvador.ramos@example.com,976-968-828,602-356-190,2001-04-08T12:09:32.720Z
c81c5840-bd44-11ed-b04e-6d9cdbefc328,1678234438398,flavie.lacroix@example.com,true,Mrs,Flavie,Lacroix,9527,Rue Desaix,Saint-Étienne,Haute-Saône,FR,44725,flavie.lacroix@example.com,05-32-87-33-49,06-98-98-95-63,1972-09-17T08:30:23.946Z
c81be310-bd44-11ed-b8c5-abb435c32193,1678234440864,veronica.rodriguez@example.com,true,Ms,Verónica,Rodríguez,5371,Calle del Prado,Ciudad Real,Extremadura,ES,46591,veronica.rodriguez@example.com,957-097-602,604-331-493,1980-06-28T22:43:51.744Z
c81b1fc0-bd44-11ed-afcc-3240c0bb949b,1678234437614,girish.acharya@example.com,true,Mr,Girish,Acharya,7075,Bhootnath Rd,Farrukhabad,Mizoram,IN,45212,girish.acharya@example.com,8240524831,7605426121,1947-08-12T14:46:58.406Z
c81ad1a0-bd44-11ed-ba31-ee10d8c9e093,1678234440086,leonard.byrd@example.com,true,Mr,Leonard,Byrd,5017,West Street,Carrick-on-Suir,Dún Laoghaire–Rathdown,IE,89805,leonard.byrd@example.com,071-640-7528,081-087-2573,1974-12-01T16:56:17.445Z
c81a3560-bd44-11ed-908d-6df2a579138b,1678234436825,mhmd.ysmy@example.com,true,Mr,محمد,یاسمی,4074,آزادی,مشهد,کرمانشاه,IR,51557,mhmd.ysmy@example.com,025-60843445,0956-362-1367,1951-03-29T07:10:04.082Z
c819e740-bd44-11ed-bdc2-48de96d8f3ac,1678234439305,laura.hill@example.com,true,Ms,Laura,Hill,2155,Ormond Quay,Tramore,Tipperary,IE,78739,laura.hill@example.com,071-949-0085,081-339-3068,1947-03-22T14:07:09.157Z
c81923f0-bd44-11ed-b30c-ac42ad26472d,1678234436064,ilija.smiljanic@example.com,true,Mr,Ilija,Smiljanić,4813,Ljube Rankovića,Senta,Pčinja,RS,93508,ilija.smiljanic@example.com,023-1926-452,068-1273-660,1950-02-03T06:12:39.073Z
c818d5d0-bd44-11ed-b82e-139d5b50e512,1678234434445,emma.kristensen@example.com,true,Miss,Emma,Kristensen,6161,Nylandsvej,Ølstykke,Nordjylland,DK,54185,emma.kristensen@example.com,65926482,43821850,1964-05-02T11:11:33.135Z
c8181280-bd44-11ed-b3b9-c5788c3d13ea,1678234435305,sharron.shaw@example.com,true,Ms,Sharron,Shaw,9640,The Grove,Wexford,Roscommon,IE,30315,sharron.shaw@example.com,041-422-0545,081-654-0431,1998-12-31T05:49:27.624Z
c8179d50-bd44-11ed-8c66-3cfe3d63f7b1,1678234433689,ilyes.gonzalez@example.com,true,Mr,Ilyès,Gonzalez,2924,Rue de L'Abbé-Soulange-Bodin,Nancy,Bouches-du-Rhône,FR,14573,ilyes.gonzalez@example.com,04-97-04-37-69,06-46-48-31-73,1960-05-01T22:47:36.900Z
c8172820-bd44-11ed-9cd6-3e59d09fbb95,1678234432258,dominic.fossmo@example.com,true,Mr,Dominic,Fossmo,6877,Ålovs vei,Hemnes,Oppland,NO,7238,dominic.fossmo@example.com,69026508,44700504,1980-03-28T19:03:16.540Z
c8168be0-bd44-11ed-a521-072e03efaace,1678234432966,mohammad.perrin@example.com,true,Monsieur,Mohammad,Perrin,3119,Rue du Bât-D'Argent,Inwil,Solothurn,CH,8034,mohammad.perrin@example.com,079 262 18 13,078 472 44 75,1982-01-10T18:01:12.177Z
c8163dc0-bd44-11ed-8765-dc7b5f2a596a,1678234431491,danika.schulte@example.com,true,Miss,Danika,Schulte,8372,Krume Swynswei,Aardenburg,Overijssel,NL,6962 AM,danika.schulte@example.com,(001) 8419138,(06) 21210023,1991-12-10T06:19:49.069Z
c815c890-bd44-11ed-ae01-4e06f4e556bc,1678234429184,charlie.smith@example.com,true,Mrs,Charlie,Smith,9978,Argyle St,Burlington,Prince Edward Island,CA,U0W 8J8,charlie.smith@example.com,M62 K59-2210,E48 V15-7929,1974-08-30T06:51:06.512Z
c8155360-bd44-11ed-adad-b89e6a77821a,1678234430699,lenni.hakala@example.com,true,Mr,Lenni,Hakala,8172,Visiokatu,Muonio,Kymenlaakso,FI,93271,lenni.hakala@example.com,09-336-069,040-697-12-98,1989-08-11T17:56:03.895Z
c814b720-bd44-11ed-abc1-9e435ebd5fc6,1678234428442,fatma.koc@example.com,true,Mrs,Fatma,Koç,5482,Mevlana Cd,Sakarya,Kocaeli,TR,30442,fatma.koc@example.com,(302)-782-3391,(064)-624-3872,1991-04-13T03:30:27.249Z
c81441f0-bd44-11ed-91ff-578fc79d1bf3,1678234429966,hanna.ring@example.com,true,Ms,Hanna,Ring,5634,Grottenveien,Fannrem,Sør-Trøndelag,NO,7436,hanna.ring@example.com,67024406,95592914,1945-07-14T00:18:14.691Z
c813a5b0-bd44-11ed-8eec-166d0ad880f7,1678234427728,clara.laurent@example.com,true,Ms,Clara,Laurent,6223,Place de L'Abbé-Georges-Hénocque,Nanterre,Côtes-D'Armor,FR,35936,clara.laurent@example.com,02-16-44-82-43,06-44-06-76-30,1999-08-23T05:51:58.542Z
c8130970-bd44-11ed-abfd-1be1b7f69283,1678234424505,jose.prieto@example.com,true,Mr,José,Prieto,1972,Retorno Malta,Progreso de Alfonso Medina,Colima,MX,15223,jose.prieto@example.com,(677) 400 4696,(675) 703 3545,1973-08-06T13:38:26.805Z
c812bb50-bd44-11ed-80f7-4bda58ae1b06,1678234427021,louis.white@example.com,true,Mr,Louis,White,9996,Elizabeth Street,Tauranga,Nelson,NZ,55226,louis.white@example.com,(256)-772-0049,(746)-212-9798,1999-07-13T01:07:07.893Z
c811f800-bd44-11ed-ad86-5cc903870893,1678234423746,zorina.macapura@example.com,true,Mrs,Zorina,Macapura,2023,Pushcha-Vodicka,Nova Kahovka,Ternopilska,UA,26507,zorina.macapura@example.com,(097) H04-6049,(068) B90-5720,1965-04-25T00:09:34.978Z
c811a9e0-bd44-11ed-83af-07ffdbafe9a8,1678234426200,leo.margaret@example.com,true,Mr,Leo,Margaret,7937,22nd Ave,Armstrong,Ontario,CA,L8G 2Q6,leo.margaret@example.com,U65 M87-4914,E19 O10-8999,1983-03-08T03:03:27.514Z
c8110da0-bd44-11ed-8467-ea0ebc1403c3,1678234422500,filomeno.souza@example.com,true,Mr,Filomeno,Souza,7956,Rua Principal,Indaiatuba,Maranhão,BR,24508,filomeno.souza@example.com,(11) 4572-1564,(04) 7082-3529,1962-09-24T20:50:50.712Z
c810bf80-bd44-11ed-9779-c95df7261d17,1678234425272,willow.thompson@example.com,true,Ms,Willow,Thompson,3037,Beach Road,Gisborne,Gisborne,NZ,27967,willow.thompson@example.com,(720)-439-4364,(237)-500-8104,1946-01-07T13:44:18.411Z
c8104a50-bd44-11ed-acbf-3bf1556c9abc,1678234421685,aike.dogan@example.com,true,Mr,Aike,Dogan,9393,Bakboordstraat,Uden,Groningen,NL,5502 SY,aike.dogan@example.com,(0742) 121488,(06) 47266220,1992-07-07T21:34:49.324Z
c80fd520-bd44-11ed-a596-74ef55926d5f,1678234418457,raphaela.renard@example.com,true,Mademoiselle,Raphaela,Renard,7852,Montée du Chemin-Neuf,La Tour-de-Peilz,Neuchâtel,CH,6798,raphaela.renard@example.com,075 979 15 85,078 141 98 64,1994-09-17T13:15:24.436Z
c80f5ff0-bd44-11ed-9221-05c0f061b769,1678234420799,norman.brooks@example.com,true,Mr,Norman,Brooks,4154,Marsh Ln,Launceston,New South Wales,AU,8833,norman.brooks@example.com,06-8744-2026,0425-360-651,1946-04-28T03:52:20.278Z
c80eeac0-bd44-11ed-891d-c6e115f6e9cc,1678234417747,astrid.jorgensen@example.com,true,Miss,Astrid,Jørgensen,2964,Vesterbyvej,Kongens  Lyngby,Syddanmark,DK,73731,astrid.jorgensen@example.com,97314268,05084535,1980-10-08T21:55:35.352Z
c80e7590-bd44-11ed-8c51-9368455f821e,1678234419967,jerome.larson@example.com,true,Mr,Jerome,Larson,4391,Rookery Road,Edenderry,Dún Laoghaire–Rathdown,IE,92780,jerome.larson@example.com,071-010-8037,081-856-2608,1972-11-22T00:20:26.427Z
c80e0060-bd44-11ed-b881-12a02905684c,1678234417046,sofia.jones@example.com,true,Ms,Sofia,Jones,4874,New Road,Preston,Leicestershire,GB,BH8A 5GE,sofia.jones@example.com,015394 26837,07739 903104,1984-01-01T13:23:05.728Z
c80d8b30-bd44-11ed-97ac-2f7ff0b95861,1678234419240,benjamin.liu@example.com,true,Mr,Benjamin,Liu,83,Queen St,Fountainbleu,Manitoba,CA,C9J 8S4,benjamin.liu@example.com,C74 M99-0498,E19 F86-7228,1953-01-15T18:56:30.477Z
c80d1600-bd44-11ed-9136-146c486ee4a5,1678234416324,avery.jean-baptiste@example.com,true,Miss,Avery,Jean-Baptiste,4251,Park Rd,St. Antoine,Yukon,CA,N8Z 2O8,avery.jean-baptiste@example.com,S77 W64-9244,I83 A11-2754,1971-03-05T21:30:42.661Z
c80ca0d0-bd44-11ed-8502-05929db1da94,1678234412668,alma.lucas@example.com,true,Ms,Alma,Lucas,7327,Marsh Ln,Maitland,Queensland,AU,453,alma.lucas@example.com,03-8515-8346,0471-118-353,1959-03-12T02:02:06.205Z
c80c0490-bd44-11ed-83cf-81c777e9cb9d,1678234415472,adri.pasman@example.com,true,Mr,Adri,Pasman,7570,Hondsbergje,Heijningen,Zuid-Holland,NL,8591 UX,adri.pasman@example.com,(0656) 080002,(06) 21907873,1966-01-10T03:14:25.999Z
c80b6850-bd44-11ed-b3c9-3e00ed71674d,1678234411874,mocinha.rodrigues@example.com,true,Ms,Mocinha,Rodrigues,8902,Avenida Brasil ,Campinas,Mato Grosso,BR,45865,mocinha.rodrigues@example.com,(40) 4490-2038,(95) 8584-8502,1973-11-02T00:51:07.507Z
c80acc10-bd44-11ed-9f08-eb0aaea73767,1678234414895,yunnuel.pulido@example.com,true,Mr,Yunnuel,Pulido,8801,Diagonal Albania,Zacatlán,Jalisco,MX,82204,yunnuel.pulido@example.com,(687) 013 6448,(625) 031 2724,1955-05-07T05:35:56.929Z
c80a7df0-bd44-11ed-92cf-4c70951e58a6,1678234411148,francisca.vazquez@example.com,true,Ms,Francisca,Vázquez,1303,Privada Ecuador,Pilotos,Baja California,MX,11061,francisca.vazquez@example.com,(695) 860 1271,(620) 158 6231,1963-12-05T13:14:35.171Z
c809e1b0-bd44-11ed-8aca-416185e5b17f,1678234414343,anaisha.bhoja@example.com,true,Mrs,Anaisha,Bhoja,8341,Mirza Ismail Rd,Anantapuram,Manipur,IN,92030,anaisha.bhoja@example.com,9409495608,8153403104,1960-08-21T19:29:27.883Z
c8091e60-bd44-11ed-9be2-405ac3125c70,1678234410415,boris.burema@example.com,true,Mr,Boris,Burema,3278,Broekdreef,Sellingen,Friesland,NL,4460 NN,boris.burema@example.com,(032) 7450543,(06) 63635637,1972-08-29T11:09:21.953Z
c808d040-bd44-11ed-b161-6cb3cde2c0b2,1678234413214,ryan.daniels@example.com,true,Mr,Ryan,Daniels,8383,First Street,Maitland,Australian Capital Territory,AU,9269,ryan.daniels@example.com,03-0649-2302,0489-585-030,1954-02-10T07:21:30.801Z
c8083400-bd44-11ed-b8b8-c29fd1382596,1678234408795,nikolaj.heuer@example.com,true,Mr,Nikolaj,Heuer,680,Feldstraße,Nieder-Olm,Niedersachsen,DE,51337,nikolaj.heuer@example.com,0042-9105856,0175-4348253,1995-06-05T18:44:03.521Z
c80797c0-bd44-11ed-bea0-9c79cb4a40f8,1678234405970,ines.masson@example.com,true,Miss,Inès,Masson,874,Avenue Debourg,Nice,Vaucluse,FR,52601,ines.masson@example.com,03-14-45-58-57,06-66-58-04-25,1988-01-06T11:29:34.178Z
c80749a0-bd44-11ed-8569-83450344b669,1678234407974,reinhard.bohme@example.com,true,Mr,Reinhard,Böhme,1482,Tannenweg,Jerichow,Schleswig-Holstein,DE,85196,reinhard.bohme@example.com,0908-8403517,0172-6291108,1948-09-04T14:39:00.094Z
c7ea24b1-bd44-11ed-9a33-cf83fc7fc021,1678234405152,julio.roy@example.com,true,Monsieur,Julio,Roy,7924,Rue de Bonnel,Killwangen,Ticino,CH,4097,julio.roy@example.com,075 725 11 48,078 549 92 34,1950-01-20T08:22:37.688Z
c7ea24b0-bd44-11ed-89b1-c0adb130fc94,1678234406757,zhittielyub.levickiy@example.com,true,Mr,Zhittielyub,Levickiy,3346,Provulok Dunaievskogo,Boyarka,Lvivska,UA,30807,zhittielyub.levickiy@example.com,(066) T18-6731,(097) L06-2096,1959-06-15T19:48:29.598Z
